key,val,type,uri,lang
StrVz,,int,,
StrVz,,string,lgdo:strVz,
TMC:cid_58:tabcd_1:LCLversion,,float,,
TMC:cid_58:tabcd_1:LocationCode,,int,,
TMC:cid_58:tabcd_1:NextLocationCode,,int,,
TMC:cid_58:tabcd_1:PrevLocationCode,,int,,
VzG,,int,,
VzG,,string,lgdo:VzG,
abutters,,a,lgdo:Abutters,
abutters,commercial,lgdo:featuresAbutters,lgdo:CommercialAbutters,
abutters,industrial,lgdo:featuresAbutters,lgdo:IndustrialAbutters,
abutters,mixed,lgdo:featuresAbutters,lgdo:MixedAbutters,
abutters,residential,lgdo:featuresAbutters,lgdo:ResidentialAbutters,
abutters,retail,lgdo:featuresAbutters,lgdo:RetailAbutters,
addr:postcode,,int,,
addr:postcode,,string,lgdo:<addr/postcode>,
admin_level,,int,,
admin_level,,string,lgdo:adminLevel,
aerialway,,a,lgdo:AerialwayThing,
aerialway,cable_car,a,lgdo:CableCar,
aerialway,chair_lift,a,lgdo:ChairLift,
aerialway,drag_lift,a,lgdo:DragLift,
aerialway,gondola,a,lgdo:Gondola,
aerialway,goods,a,lgdo:AerialwayGoods,
aerialway,mixed_lift,a,lgdo:MixedLift,
aerialway,pylon,a,lgdo:Pylon,
aerialway,station,a,lgdo:AerialwayStation,
aeroway,,a,lgdo:AerowayThing,
aeroway,aerodrome,a,lgdo:Airport,
aeroway,airfield,a,lgdo:AirportField,
aeroway,apron,a,lgdo:Apron,
aeroway,gate,a,lgdo:AirportGate,
aeroway,helipad,a,lgdo:Helipad,
aeroway,heliport,a,lgdo:Heliport,
aeroway,holding_point,a,lgdo:HoldingPoint,
aeroway,landing_light,a,lgdo:LandingLight,
aeroway,parking_position,a,lgdo:ParkingPosition,
aeroway,reportingpoint,a,lgdo:Reportingpoint,
aeroway,runway,a,lgdo:Runway,
aeroway,taxiway,a,lgdo:AirportTaxiway,
aeroway,terminal,a,lgdo:AirportTerminal,
aeroway,tower,a,lgdo:AirportTower,
aeroway,windsock,a,lgdo:Windsock,
agricultural,,boolean,,
agricultural,,string,lgdo:agricultural,
alt_name,,string,skos:altLabel,
alternate,,boolean,,
alternate,,string,lgdo:alternate,
amenity,,a,lgdo:Amenity,
amenity,ATM,a,lgdo:ATM,
amenity,Baisschool,a,lgdo:Baisschool,
amenity,Bank,a,lgdo:Bank,
amenity,Barfusspfad,a,lgdo:Barfusspfad,
amenity,Briefkasten,a,lgdo:Briefkasten,
amenity,WLAN,a,lgdo:WLAN,
amenity,advertisement,a,lgdo:Advertisement,
amenity,advertising,a,lgdo:Advertising,
amenity,air_fill,a,lgdo:AirFill,
amenity,airplane,a,lgdo:Airplane,
amenity,airport,a,lgdo:Airport,
amenity,alm,a,lgdo:Alm,
amenity,ambulance,a,lgdo:Ambulance,
amenity,ambulance_station,a,lgdo:AmbulanceStation,
amenity,animal_shelter,a,lgdo:AnimalShelter,
amenity,art_gallery,a,lgdo:ArtGallery,
amenity,arts_centre,a,lgdo:ArtsCentre,
amenity,artwork,a,lgdo:Artwork,
amenity,atm,a,lgdo:Atm,
amenity,baby_hatch,a,lgdo:BabyHatch,
amenity,bakery,a,lgdo:Bakery,
amenity,bandstand,a,lgdo:Bandstand,
amenity,bank,a,lgdo:Bank,
amenity,bank;atm,a,lgdo:Bank%2Catm,
amenity,bank;atm,a,lgdo:Bank%2Catm,
amenity,bar,a,lgdo:Bar,
amenity,barbeque,a,lgdo:Barbeque,
amenity,bbq,a,lgdo:Bbq,
amenity,bench,a,lgdo:Bench,
amenity,bicycle_lockers,a,lgdo:BicycleLockers,
amenity,bicycle_parking,a,lgdo:BicycleParking,
amenity,bicycle_rental,a,lgdo:BicycleRental,
amenity,biergarten,a,lgdo:Biergarten,
amenity,billboard,a,lgdo:Billboard,
amenity,boat_rental,a,lgdo:BoatRental,
amenity,border_control,a,lgdo:BorderControl,
amenity,brewery,a,lgdo:Brewery,
amenity,brothel,a,lgdo:Brothel,
amenity,bts,a,lgdo:Bts,
amenity,building,a,lgdo:Building,
amenity,building_entrance,a,lgdo:BuildingEntrance,
amenity,bureau_de_change,a,lgdo:BureauDeChange,
amenity,bus_station,a,lgdo:BusStation,
amenity,bus_stop,a,lgdo:BusStop,
amenity,cafe,a,lgdo:Cafe,
amenity,camera,a,lgdo:Camera,
amenity,campsite,a,lgdo:Campsite,
amenity,car_rental,a,lgdo:CarRental,
amenity,car_repair,a,lgdo:CarRepair,
amenity,car_sharing,a,lgdo:CarSharing,
amenity,car_wash,a,lgdo:CarWash,
amenity,care_home,a,lgdo:CareHome,
amenity,casino,a,lgdo:Casino,
amenity,cemetery,a,lgdo:Cemetery,
amenity,chapel,a,lgdo:Chapel,
amenity,charity,a,lgdo:Charity,
amenity,child_care,a,lgdo:ChildCare,
amenity,chiropractor,a,lgdo:Chiropractor,
amenity,church,a,lgdo:Church,
amenity,church_hall,a,lgdo:ChurchHall,
amenity,cinema,a,lgdo:Cinema,
amenity,citymap_post,a,lgdo:CitymapPost,
amenity,clinic,a,lgdo:Clinic,
amenity,clock,a,lgdo:Clock,
amenity,club,a,lgdo:Club,
amenity,club_house,a,lgdo:ClubHouse,
amenity,coffeeshop,a,lgdo:CoffeeShop,
amenity,college,a,lgdo:College,
amenity,commercial,a,lgdo:Commercial,
amenity,community_centre,a,lgdo:CommunityCentre,
amenity,community_hall,a,lgdo:CommunityHall,
amenity,company,a,lgdo:Company,
amenity,concert_hall,a,lgdo:ConcertHall,
amenity,conference_centre,a,lgdo:ConferenceCentre,
amenity,construction,a,lgdo:Construction,
amenity,consulate,a,lgdo:Consulate,
amenity,courthouse,a,lgdo:Courthouse,
amenity,crematorium,a,lgdo:Crematorium,
amenity,cross,a,lgdo:Cross,
amenity,customs,a,lgdo:Customs,
amenity,daycare,a,lgdo:Daycare,
amenity,dead_pub,a,lgdo:DeadPub,
amenity,dentist,a,lgdo:Dentist,
amenity,derestricted,speed,limit\trdfs:type\tlgdo:Derestricted+speed+limit,
amenity,disused_pub,a,lgdo:DisusedPub,
amenity,dive_center,a,lgdo:DiveCenter,
amenity,doctor,a,lgdo:Doctor,
amenity,doctors,a,lgdo:Doctors,
amenity,dog_bin,a,lgdo:DogBin,
amenity,dog_waste,a,lgdo:DogWaste,
amenity,dormitory,a,lgdo:Dormitory,
amenity,drinking_water,a,lgdo:DrinkingWater,
amenity,driving_school,a,lgdo:DrivingSchool,
amenity,elevator,a,lgdo:Elevator,
amenity,embassy,a,lgdo:Embassy,
amenity,emergency_phone,a,lgdo:EmergencyPhone,
amenity,emergency_telephone,a,lgdo:EmergencyTelephone,
amenity,entrance,a,lgdo:Entrance,
amenity,ev_charging,a,lgdo:EvCharging,
amenity,factory,a,lgdo:Factory,
amenity,farm,a,lgdo:Farm,
amenity,fast_food,a,lgdo:FastFood,
amenity,ferry_terminal,a,lgdo:FerryTerminal,
amenity,fire_beater,a,lgdo:FireBeater,
amenity,fire_hydrant,a,lgdo:FireHydrant,
amenity,fire_station,a,lgdo:FireStation,
amenity,fireplace,a,lgdo:Fireplace,
amenity,first_aid,a,lgdo:FirstAid,
amenity,florist,a,lgdo:Florist,
amenity,food_court,a,lgdo:FoodCourt,
amenity,foot_shower,a,lgdo:FootShower,
amenity,forester,a,lgdo:Forester,
amenity,fountain,a,lgdo:Fountain,
amenity,fraternity,a,lgdo:Fraternity,
amenity,fuel,a,lgdo:FuelStation,
amenity,fuel;car_wash,a,lgdo:Fuel%3BcarWash,
amenity,funeral_home,a,lgdo:FuneralHome,
amenity,gallery,a,lgdo:Gallery,
amenity,gambling,a,lgdo:Gambling,
amenity,garage,a,lgdo:Garage,
amenity,garbage,a,lgdo:Garbage,
amenity,goverment_building,a,lgdo:GovermentBuilding,
amenity,grave,a,lgdo:Grave,
amenity,grave_yard,a,lgdo:GraveYard,
amenity,grit_bin,a,lgdo:GritBin,
amenity,guidepost,a,lgdo:Guidepost,
amenity,gym,a,lgdo:Gym,
amenity,hairdresser,a,lgdo:Hairdresser,
amenity,hall,a,lgdo:Hall,
amenity,health_centre,a,lgdo:HealthCentre,
amenity,heuriger,a,lgdo:Heuriger,
amenity,hide,a,lgdo:Hide,
amenity,hospice,a,lgdo:Hospice,
amenity,hospital,a,lgdo:Hospital,
amenity,hotel,a,lgdo:Hotel,
amenity,hunting_blind,a,lgdo:HuntingBlind,
amenity,hunting_stand,a,lgdo:HuntingStand,
amenity,hut,a,lgdo:Hut,
amenity,hydrant,a,lgdo:Hydrant,
amenity,ice_cream,a,lgdo:IceCream,
amenity,information,a,lgdo:Information,
amenity,insurance,a,lgdo:Insurance,
amenity,internet,a,lgdo:Internet,
amenity,internet_access,a,lgdo:InternetAccess,
amenity,internet_cafe,a,lgdo:InternetCafe,
amenity,job_centre,a,lgdo:JobCentre,
amenity,kindergarten,a,lgdo:Kindergarten,
amenity,kneipp_water_cure,a,lgdo:KneippWaterCure,
amenity,lamp,a,lgdo:Lamp,
amenity,lamp_post,a,lgdo:LampPost,
amenity,language_school,a,lgdo:LanguageSchool,
amenity,lawyer,a,lgdo:Lawyer,
amenity,layby,a,lgdo:Layby,
amenity,leisure,a,lgdo:Amenity,
amenity,leisure_centre,a,lgdo:Centre,
amenity,library,a,lgdo:Library,
amenity,licensed_club,a,lgdo:LicensedClub,
amenity,life-buoy,a,lgdo:Life-buoy,
amenity,life_ring,a,lgdo:LifeRing,
amenity,lifeboat_station,a,lgdo:LifeboatStation,
amenity,litter_bin,a,lgdo:LitterBin,
amenity,market,a,lgdo:Market,
amenity,marketplace,a,lgdo:Marketplace,
amenity,massage,a,lgdo:Massage,
amenity,medical,a,lgdo:Medical,
amenity,medical_centre,a,lgdo:MedicalCentre,
amenity,milestone,a,lgdo:Milestone,
amenity,milk_dispenser,a,lgdo:MilkDispenser,
amenity,mine,a,lgdo:Mine,
amenity,monastery,a,lgdo:Monastery,
amenity,mortuary,a,lgdo:Mortuary,
amenity,motorcycle_parking,a,lgdo:MotorcycleParking,
amenity,mountain_rescue,a,lgdo:MountainRescue,
amenity,music_venue,a,lgdo:MusicVenue,
amenity,natural_shelter,a,lgdo:NaturalShelter,
amenity,nest_box,a,lgdo:NestBox,
amenity,nightclub,a,lgdo:Nightclub,
amenity,notice,a,lgdo:Notice,
amenity,nursery,a,lgdo:Nursery,
amenity,nursing_home,a,lgdo:NursingHome,
amenity,observatory,a,lgdo:Observatory,
amenity,office,a,lgdo:Office,
amenity,optometrist,a,lgdo:Optometrist,
amenity,other,a,lgdo:Other,
amenity,parcel_box,a,lgdo:ParcelBox,
amenity,park,a,lgdo:Park,
amenity,park_bench,a,lgdo:ParkBench,
amenity,parking,a,lgdo:Parking,
amenity,parking;fuel,a,lgdo:Parking%3Bfuel,
amenity,parking;restaurant;fuel,a,lgdo:Parking%3Brestaurant%3Bfuel,
amenity,parking_entrance,a,lgdo:ParkingEntrance,
amenity,parking_meter,a,lgdo:ParkingMeter,
amenity,parking_space,a,lgdo:ParkingSpace,
amenity,pharmacy,a,lgdo:Pharmacy,
amenity,phone,a,lgdo:Phone,
amenity,physiotherapy,a,lgdo:Physiotherapy,
amenity,picknick,a,lgdo:Picknick,
amenity,picnic,table,rdfs:type\tlgdo:Picnic+table,
amenity,picnic_table,a,lgdo:PicnicTable,
amenity,pietra,miliare,FD\trdfs:type\tlgdo:Pietra+miliare+FD,
amenity,place_of_worship,a,lgdo:PlaceOfWorship,
amenity,playground,a,lgdo:Playground,
amenity,plumber,a,lgdo:Plumber,
amenity,police,a,lgdo:Police,
amenity,post_box,a,lgdo:PostBox,
amenity,post_office,a,lgdo:PostOffice,
amenity,preschool,a,lgdo:Preschool,
amenity,prison,a,lgdo:Prison,
amenity,pub,a,lgdo:Pub,
amenity,public_building,a,lgdo:PublicBuilding,
amenity,public_market,a,lgdo:PublicMarket,
amenity,reception_area,a,lgdo:ReceptionArea,
amenity,recycling,a,lgdo:RecyclingFacility,
amenity,red_cross,a,lgdo:RedCross,
amenity,register_office,a,lgdo:RegisterOffice,
amenity,relay_box,a,lgdo:RelayBox,
amenity,rescue,a,lgdo:Rescue,
amenity,rescue_box,a,lgdo:RescueBox,
amenity,rescue_service,a,lgdo:RescueService,
amenity,residential,a,lgdo:Residential,
amenity,residential_home,a,lgdo:ResidentialHome,
amenity,restaurant,a,lgdo:Restaurant,
amenity,restaurant;pub,a,lgdo:Restaurant%3Bpub,
amenity,retail,a,lgdo:Retail,
amenity,retirement_home,a,lgdo:RetirementHome,
amenity,salon,a,lgdo:Salon,
amenity,sauna,a,lgdo:Sauna,
amenity,school,a,lgdo:School,
amenity,scout_hall,a,lgdo:ScoutHall,
amenity,scout_hut,a,lgdo:ScoutHut,
amenity,seat,a,lgdo:Seat,
amenity,seating;ornamental,a,lgdo:Seating%2Cornamental,
amenity,sento,a,lgdo:Sento,
amenity,service,a,lgdo:Service,
amenity,services,a,lgdo:Services,
amenity,shelter,a,lgdo:Shelter,
amenity,sheltered_housing,a,lgdo:ShelteredHousing,
amenity,shop,a,lgdo:Shop,
amenity,shopping,a,lgdo:Shopping,
amenity,shops,a,lgdo:Shops,
amenity,shower,a,lgdo:Shower,
amenity,showers,a,lgdo:Showers,
amenity,signpost,a,lgdo:Signpost,
amenity,ski_rental,a,lgdo:SkiRental,
amenity,ski_school,a,lgdo:SkiSchool,
amenity,snow_park,a,lgdo:SnowPark,
amenity,social_centre,a,lgdo:SocialCentre,
amenity,social_club,a,lgdo:SocialClub,
amenity,social_facility,a,lgdo:SocialFacility,
amenity,social_services,a,lgdo:SocialServices,
amenity,solarium,a,lgdo:Solarium,
amenity,spa,a,lgdo:Spa,
amenity,speed_enforcement,a,lgdo:SpeedEnforcement,
amenity,speed_trap,a,lgdo:SpeedTrap,
amenity,sport,a,lgdo:Sport,
amenity,sports_centre,a,lgdo:SportsCentre,
amenity,statue,a,lgdo:Statue,
amenity,storage,a,lgdo:Storage,
amenity,street_lamp,a,lgdo:StreetLamp,
amenity,street_light,a,lgdo:StreetLight,
amenity,stripclub,a,lgdo:Stripclub,
amenity,studio,a,lgdo:Studio,
amenity,supermarket,a,lgdo:Supermarket,
amenity,surgery,a,lgdo:Surgery,
amenity,survey,a,lgdo:Survey,
amenity,swimming_pool,a,lgdo:SwimmingPool,
amenity,table,a,lgdo:Table,
amenity,take_away,a,lgdo:TakeAway,
amenity,taxi,a,lgdo:Taxi,
amenity,telephone,a,lgdo:Telephone,
amenity,theatre,a,lgdo:Theatre,
amenity,toilets,a,lgdo:Toilets,
amenity,tourist,a,lgdo:Tourist,
amenity,townhall,a,lgdo:Townhall,
amenity,trade,a,lgdo:Trade,
amenity,traffic_light,a,lgdo:TrafficLight,
amenity,trash_bin,a,lgdo:TrashBin,
amenity,trash_can,a,lgdo:TrashCan,
amenity,tricycle_station,a,lgdo:TricycleStation,
amenity,university,a,lgdo:University,
amenity,vdsl-aru,a,lgdo:Vdsl-aru,
amenity,vehicle_inspection,a,lgdo:VehicleInspection,
amenity,vending,a,lgdo:Vending,
amenity,vending,machine,rdfs:type\tlgdo:Vending+machine,
amenity,vending_machine,a,lgdo:VendingMachine,
amenity,vending_maschine,a,lgdo:VendingMaschine,
amenity,vet,a,lgdo:Vet,
amenity,veterinary,a,lgdo:Veterinary,
amenity,vets,a,lgdo:Vets,
amenity,video_rental,a,lgdo:VideoRental,
amenity,village_hall,a,lgdo:VillageHall,
amenity,walking_bus,a,lgdo:WalkingBus,
amenity,waste,a,lgdo:Waste,
amenity,waste_basket,a,lgdo:WasteBasket,
amenity,waste_basket;recycling,a,lgdo:WasteBasket%3Brecycling,
amenity,waste_bin,a,lgdo:WasteBin,
amenity,waste_bucket,a,lgdo:WasteBucket,
amenity,waste_container,a,lgdo:WasteContainer,
amenity,waste_disposal,a,lgdo:WasteDisposal,
amenity,water,a,lgdo:Water,
amenity,water_fountain,a,lgdo:WaterFountain,
amenity,water_well,a,lgdo:WaterWell,
amenity,watering_place,a,lgdo:WateringPlace,
amenity,well,a,lgdo:Well,
amenity,whirlpool,a,lgdo:Whirlpool,
amenity,wifi,a,lgdo:Wifi,
amenity,winery,a,lgdo:Winery,
amenity,wlan,a,lgdo:Wlan,
amenity,youth_centre,a,lgdo:YouthCentre,
amenity,youth_club,a,lgdo:YouthClub,
area,,boolean,,
area,,string,lgdo:area,
asb,,int,,
asb,,string,lgdo:asb,
atm,,boolean,,
atm,,string,lgdo:atm,
attribution,,string,lgdo:attribution,
backrest,,boolean,,
backrest,,string,lgdo:backrest,
bar,,boolean,,
bar,,string,lgdo:bar,
barrier,,a,lgdo:BarrierThing,
barrier,block,a,lgdo:Block,
barrier,bollard,a,lgdo:Bollard,
barrier,border_control,a,lgdo:BorderControl,
barrier,cattle_grid,a,lgdo:CattleGrid,
barrier,chain,a,lgdo:Chain,
barrier,city_wall,a,lgdo:CityWall,
barrier,cycle_barrier,a,lgdo:CycleBarrier,
barrier,ditch,a,lgdo:DitchBarrier,
barrier,entrance,a,lgdo:Entrance,
barrier,fence,a,lgdo:Fence,
barrier,gate,a,lgdo:Gate,
barrier,hedge,a,lgdo:Hedge,
barrier,horse_stile,a,lgdo:HorseStile,
barrier,kent_carriage_gap,a,lgdo:KentCarriageGap,
barrier,kissing_gate,a,lgdo:KissingGate,
barrier,lift_gate,a,lgdo:LiftGate,
barrier,retaining_wall,a,lgdo:RetainingWall,
barrier,sally_port,a,lgdo:SallyPort,
barrier,stile,a,lgdo:Stile,
barrier,toll_booth,a,lgdo:TollBooth,
barrier,turnstile,a,lgdo:Turnstile,
barrier,wall,a,lgdo:Wall,
bench,,boolean,,
bench,,string,lgdo:bench,
bin,,boolean,,
bin,,string,lgdo:bin,
blz,,int,,
blz,,string,lgdo:blz,
board_type,,boolean,,
board_type,,string,lgdo:boardType,
boat,,boolean,,
boat,,string,lgdo:boat,
boundary,,a,lgdo:Boundary,
boundary,administrative,a,lgdo:AdministrativeBoundary,
boundary,city_limit,a,lgdo:CityLimit,
boundary,civil,a,lgdo:CivilBoundary,
boundary,forest,a,lgdo:BoundaryForest,
boundary,maritime,a,lgdo:MaritimeBoundary,
boundary,marker,a,lgdo:BoundaryMarker,
boundary,national_forest,a,lgdo:NationalForest,
boundary,national_park,a,lgdo:NationalPark,
boundary,political,a,lgdo:PoliticalBoundary,
boundary,protected_area,a,lgdo:ProtectedArea,
boundary,protected_area,a,lgdo:ProtectedArea,
bridge,,boolean,,
bridge,,string,lgdo:bridge,
build,,int,,
build,,string,lgdo:build,
building,,a,lgdo:Building,
building,,boolean,,
building,,string,lgdo:building,
building,1,a,lgdo:Building,
building,apartments,a,lgdo:ApartmentBuilding,
building,barn,a,lgdo:BuildingBarn,
building,building,a,lgdo:BuildingBuilding,
building,bunker,a,lgdo:BuildingBunker,
building,cabin,a,lgdo:BuildingCabin,
building,chapel,a,lgdo:BuildingChapel,
building,church,a,lgdo:BuildingChurch,
building,clubhouse,a,lgdo:Clubhouse,
building,collapsed,a,lgdo:Collapsed,
building,commercial,a,lgdo:BuildingCommercial,
building,detached,a,lgdo:Detached,
building,dormitory,a,lgdo:BuildingDormitory,
building,entrance,a,lgdo:BuildingEntrance,
building,entry,a,lgdo:Entry,
building,farm,a,lgdo:BuildingFarm,
building,flats,a,lgdo:Flats,
building,fortress,a,lgdo:Fortress,
building,garage,a,lgdo:BuildingGarage,
building,hall,a,lgdo:BuildingHall,
building,hospital,a,lgdo:BuildingHospital,
building,house,a,lgdo:BuildingHouse,
building,hut,a,lgdo:BuildingHut,
building,kiosk,a,lgdo:BuildingKiosk,
building,monastery,a,lgdo:BuildingMonastery,
building,no,a,lgdo:BuildingNo,
building,office,a,lgdo:BuildingOffice,
building,offices,a,lgdo:Offices,
building,pavilion,a,lgdo:Pavilion,
building,residential,a,lgdo:BuildingResidential,
building,retail,a,lgdo:BuildingRetail,
building,school,a,lgdo:BuildingSchool,
building,shed,a,lgdo:Shed,
building,terrace,a,lgdo:Terrace,
building,tower,a,lgdo:BuildingTower,
building,train_station,a,lgdo:TrainStation,
building,university,a,lgdo:BuildingUniversity,
building,unknown,a,lgdo:BuildingUnknown,
building,yes,a,lgdo:Building,
bus,,boolean,,
bus,,string,lgdo:bus,
by_night,,boolean,,
by_night,,string,lgdo:byNight,
cables,,int,,
cables,,string,lgdo:cables,
charge,,boolean,,
charge,,string,lgdo:charge,
craft,,a,lgdo:Craft,
craft,agricultural_engines,a,lgdo:AgriculturalEnginesCraft,
craft,basket_maker,a,lgdo:BasketMaker,
craft,beekeeper,a,lgdo:Beekeeper,
craft,blacksmith,a,lgdo:Blacksmith,
craft,boatbuilder,a,lgdo:Boatbuilder,
craft,bookbinder,a,lgdo:Bookbinder,
craft,brewery,a,lgdo:Brewery,
craft,carpenter,a,lgdo:Carpenter,
craft,carpet_layer,a,lgdo:CarpetLayer,
craft,caterer,a,lgdo:Catere,
craft,clockmaker,a,lgdo:Clockmaker,
craft,confectionery,a,lgdo:Confectionery,
craft,dressmaker,a,lgdo:Dressmaker,
craft,electrician,a,lgdo:Electrician,
craft,gardener,a,lgdo:Gardener,
craft,glaziery,a,lgdo:Glaziery,
craft,handicraft,a,lgdo:Handicraft,
craft,hvac,a,lgdo:Hvac,
craft,insulation,a,lgdo:Insulation,
craft,jeweller,a,lgdo:Jeweller,
craft,key_cutter,a,lgdo:KeyCutter,
craft,locksmith,a,lgdo:Locksmith,
craft,metal_construction,a,lgdo:MetalConstructionCraft,
craft,optician,a,lgdo:OpticianCraft,
craft,painter,a,lgdo:Painter,
craft,parquet_layer,a,lgdo:ParquetLayer,
craft,photographer,a,lgdo:Photographer,
craft,photographic_laboratory,a,lgdo:PhotographicLaboratory,
craft,plasterer,a,lgdo:Plasterer,
craft,plumber,a,lgdo:Plumber,
craft,pottery,a,lgdo:Pottery,
craft,rigger,a,lgdo:Rigger,
craft,roofer,a,lgdo:Roofer,
craft,saddler,a,lgdo:Saddler,
craft,sailmaker,a,lgdo:Sailmaker,
craft,sawmill,a,lgdo:Sawmill,
craft,scaffolder,a,lgdo:Scaffolder,
craft,sculptor,a,lgdo:Sculptor,
craft,shoemaker,a,lgdo:Shoemaker,
craft,stand_builder,a,lgdo:StandBuilder,
craft,stonemason,a,lgdo:Stonemason,
craft,sun_protection,a,lgdo:SunProtection,
craft,sweep,a,lgdo:Sweep,
craft,tailor,a,lgdo:Tailor,
craft,tiler,a,lgdo:Tiler,
craft,tinsmith,a,lgdo:Tinsmith,
craft,upholsterer,a,lgdo:Upholsterer,
craft,watchmaker,a,lgdo:Watchmaker,
created_by,,string,lgdo:createdBy,
cutting,,boolean,,
cutting,,string,lgdo:cutting,
cycleway,,a,lgdo:CyclewayThing,
cycleway,lane,a,lgdo:CyclewayLane,
cycleway,opposite,a,lgdo:CyclewayOpposite,
cycleway,opposite_lane,a,lgdo:CyclewayOppositeLane,
cycleway,opposite_track,a,lgdo:CyclewayOppositeTrack,
cycleway,track,a,lgdo:CyclewayTrack,
de:amtlicher_gemeindeschluessel,,int,,
de:amtlicher_gemeindeschluessel,,string,lgdo:de/amtlicherGemeindeschluessel,
departures_board,,boolean,,
departures_board,,string,lgdo:departuresBoard,
description,,string,rdf:comment,
diaper,,boolean,,
diaper,,string,lgdo:diaper,
dispensing,,boolean,,
dispensing,,string,lgdo:dispensing,
disused,,boolean,,
disused,,string,lgdo:disused,
ele,,float,,
ele,,string,lgdo:ele,
elevator,,boolean,,
elevator,,string,lgdo:elevator,
embankment,,boolean,,
embankment,,string,lgdo:embankment,
emergency,,a,lgdo:EmergencyThing,
emergency,ambulance_station,a,lgdo:AmbulanceStation,
emergency,fire_extinguisher,a,lgdo:FireExtinguisher,
emergency,fire_flapper,a,lgdo:FireFlapper,
emergency,fire_hose,a,lgdo:FireHose,
emergency,fire_hydrant,a,lgdo:FireHydrant,
emergency,phone,a,lgdo:EmergencyPhone,
emergency,ses_station,a,lgdo:SesStation,
emergency,siren,a,lgdo:EmergencySiren,
erected,,int,,
erected,,string,lgdo:erected,
family_spaces,,int,,
family_spaces,,string,lgdo:familySpaces,
fax,,string,foaf:fax,
fenced,,boolean,,
fenced,,string,lgdo:fenced,
frequency,,float,,
frequency,,string,lgdo:frequency,
fuel:GTL_diesel,,boolean,,
fuel:GTL_diesel,,string,lgdo:fuel/gtlDiesel,
fuel:HGV_diesel,,boolean,,
fuel:HGV_diesel,,string,lgdo:fuel/hgvDiesel,
fuel:cng,,boolean,,
fuel:cng,,string,lgdo:fuel/cng,
fuel:diesel,,boolean,,
fuel:diesel,,string,lgdo:fuel_diesel,
fuel:lpg,,boolean,,
fuel:lpg,,string,lgdo:fuel/lpg,
fuel:octane_100,,boolean,,
fuel:octane_100,,string,lgdo:<fuel/octane_100>,
fuel:octane_91,,boolean,,
fuel:octane_91,,string,lgdo:<fuel/octane_91>,
fuel:octane_95,,boolean,,
fuel:octane_95,,string,lgdo:<fuel/octane_95>,
fuel:octane_98,,boolean,,
fuel:octane_98,,string,lgdo:<fuel/octane_98>,
game:patrizier2:bier,,int,,
game:patrizier2:eisenerz,,boolean,,
game:patrizier2:eisenwaren,,int,,
game:patrizier2:getreide,,boolean,,
game:patrizier2:tuch,,int,,
game:patrizier2:wolle,,boolean,,
game:patrizier2:ziegel,,int,,
gauge,,int,,
gauge,,string,lgdo:gauge,
geological,outcrop,a,lgdo:Outcrop,
geological,palaeontological_site,a,lgdo:PalaeontologicalSite,
highway,,a,lgdo:HighwayThing,
highway,bridleway,a,lgdo:Bridleway,
highway,bus_guideway,a,lgdo:BusGuideway,
highway,bus_stop,a,lgdo:BusStop,
highway,byway,a,lgdo:Byway,
highway,construction,a,lgdo:HighwayConstruction,
highway,crossing,a,lgdo:HighwayCrossing,
highway,cycleway,a,lgdo:Cycleway,
highway,emergency_access_point,a,lgdo:EmergencyAccessPoint,
highway,footway,a,lgdo:Footway,
highway,ford,a,lgdo:HighwayFord,
highway,give_way,a,lgdo:GiveWaySign,
highway,living_street,a,lgdo:LivingStreet,
highway,mini_roundabout,a,lgdo:MiniRoundabout,
highway,motorway,a,lgdo:Motorway,
highway,motorway_junction,a,lgdo:MotorwayJunction,
highway,motorway_link,a,lgdo:MotorwayLink,
highway,passing_place,a,lgdo:PassingPlace,
highway,passing_places,a,lgdo:PassingPlaces,
highway,path,a,lgdo:Path,
highway,pedestrian,a,lgdo:PedestrianUse,
highway,primary,a,lgdo:PrimaryHighway,
highway,primary_link,a,lgdo:HighwayPrimaryLink,
highway,proposed,a,lgdo:ProposedHighway,
highway,raceway,a,lgdo:Raceway,
highway,residential,a,lgdo:ResidentialHighway,
highway,rest_area,a,lgdo:RestArea,
highway,road,a,lgdo:Road,
highway,secundary,a,lgdo:SecundaryHighway,
highway,secundary_link,a,lgdo:HighwaySecundaryLink,
highway,service,a,lgdo:Alley,
highway,services,a,lgdo:ServiceStation,
highway,speed_camera,a,lgdo:SpeedCamera,
highway,steps,a,lgdo:Steps,
highway,stop,a,lgdo:StopSign,
highway,street_lamp,a,lgdo:StreetLamp,
highway,tertiary,a,lgdo:TertiaryHighway,
highway,tertiary_link,a,lgdo:HighwayTertiaryLink,
highway,track,a,lgdo:Track,
highway,traffic_signals,a,lgdo:TrafficSignals,
highway,trunk,a,lgdo:Trunk,
highway,trunk_link,a,lgdo:TrunkLink,
highway,turning_circle,a,lgdo:TurningCircle,
highway,unclassified,a,lgdo:UnclassifiedHighway,
historic,,a,lgdo:HistoricThing,
historic,Granattrichter,a,lgdo:Granattrichter,
historic,UNESCO_world_heritage,a,lgdo:UNESCOWorldHeritage,
historic,abbey,a,lgdo:Abbey,
historic,archaeological_site,a,lgdo:ArchaeologicalSite,
historic,battlefield,,rdfs:type\tlgdo:Battlefield,
historic,boundary_marker,a,lgdo:BoundaryMarker,
historic,boundary_stone,,rdfs:type\tlgdo:BoundaryStone,
historic,bridge,site,rdfs:type\tlgdo:Bridge+site,
historic,building,a,lgdo:HistoricBuilding,
historic,castle,a,lgdo:Castle,
historic,chapel,a,lgdo:HistoricChapel,
historic,church,a,lgdo:HistoricChurch,
historic,city_gate,a,lgdo:CityGate,
historic,fort,a,lgdo:Fort,
historic,fountain,a,lgdo:HistoricFountain,
historic,heritage,a,lgdo:Heritage,
historic,house,a,lgdo:HistoricHouse,
historic,icon,a,lgdo:Icon,
historic,industrial,a,lgdo:HistoricIndustrial,
historic,lavoir,a,lgdo:Lavoir,
historic,manor,a,lgdo:Manor,
historic,marker,a,lgdo:HistoricMarker,
historic,memorial,a,lgdo:Memorial,
historic,menhir,a,lgdo:Menhir,
historic,milestone,a,lgdo:HistoricMilestone,
historic,mill,a,lgdo:Mill,
historic,mine,a,lgdo:HistoricMine,
historic,mine_shaft,a,lgdo:MineShaft,
historic,monastery,a,lgdo:HistoricMonastery,
historic,monument,a,lgdo:Monument,
historic,museum,a,lgdo:HistoricMuseum,
historic,palace,a,lgdo:Palace,
historic,protected_building,a,lgdo:ProtectedBuilding,
historic,ruins,a,lgdo:Ruins,
historic,rune_stone,,rdfs:type\tlgdo:RuneStone,
historic,saints_cross,a,lgdo:SaintsCross,
historic,statue,a,lgdo:HistoricStatue,
historic,stone_circle,a,lgdo:StoneCircle,
historic,tombstone,a,lgdo:Tombstone,
historic,tower,a,lgdo:HistoricTower,
historic,tumulus,a,lgdo:Tumulus,
historic,wayside_chapel,a,lgdo:WaysideChapel,
historic,wayside_cross,,rdfs:type\tlgdo:WaysideCross,
historic,wayside_shrine,,rdfs:type\tlgdo:WaysideShrine,
historic,well,a,lgdo:HistoricWell,
historic,wreck,,rdfs:type\tlgdo:Wreck,
historic,yes,a,lgdo:HistoricPointOfInterest,
horse,,boolean,,
horse,,string,lgdo:horse,
ice_road,yes,a,lgdo:IceRoad,
image,,string,foaf:depiction,
int_name,,string,lgdo:internationalName,
intermittent,yes,a,lgdo:Intermittent,
interner_access,,boolean,,
interner_access,,string,lgdo:internerAccess,
is_in,,string,lgdo:isIn,
junction,roundabout,a,lgdo:Roundabout,
landuse,,a,lgdo:Landuse,
landuse,allotments,a,lgdo:Allotments,
landuse,basin,a,lgdo:Basin,
landuse,brownfield,a,lgdo:Brownfield,
landuse,cemetery,a,lgdo:Cemetery,
landuse,commercial,a,lgdo:CommercialLanduse,
landuse,construction,a,lgdo:ConstructionLanduse,
landuse,farm,a,lgdo:Farm,
landuse,farmland,a,lgdo:Farmland,
landuse,farmyard,a,lgdo:Farmyard,
landuse,forest,a,lgdo:Forest,
landuse,garages,a,lgdo:Garages,
landuse,grass,a,lgdo:GrassLanduse,
landuse,greenfield,a,lgdo:Greenfield,
landuse,greenhouse_horticulture,a,lgdo:GreenhouseHorticulture,
landuse,industrial,a,lgdo:IndustrialLanduse,
landuse,landfill,a,lgdo:Landfill,
landuse,meadow,a,lgdo:Meadow,
landuse,military,a,lgdo:MilitaryLanduse,
landuse,mine,a,lgdo:LanduseMine,
landuse,mining,a,lgdo:Mining,
landuse,orchard,a,lgdo:Orchard,
landuse,park,a,lgdo:LandusePark,
landuse,parking,a,lgdo:LanduseParking,
landuse,plant_nursery,a,lgdo:PlantNursery,
landuse,quarry,a,lgdo:Quarry,
landuse,railway,a,lgdo:RailwayLanduse,
landuse,railway,a,lgdo:RailwayLanduse,
landuse,recreation_ground,a,lgdo:RecreationGround,
landuse,reservoir,a,lgdo:Reservoir,
landuse,residential,a,lgdo:ResidentialLanduse,
landuse,resis,a,lgdo:Resis,
landuse,retail,a,lgdo:RetailLanduse,
landuse,salt_pond,a,lgdo:SaltPond,
landuse,thresing_floor,a,lgdo:ThresingFloor,
landuse,treerow,a,lgdo:Treerow,
landuse,village_green,a,lgdo:VillageGreen,
landuse,vineyard,a,lgdo:Vineyard,
landuse,wood,a,lgdo:LanduseWood,
lanes,,int,,
lanes,,string,lgdo:lanes,
layer,,int,,
layer,,string,lgdo:layer,
leisure,,a,lgdo:Leisure,
leisure,bandstand,a,lgdo:Bandstand,
leisure,beach,a,lgdo:Beach,
leisure,beach_resort,a,lgdo:BeachResort,
leisure,bingo,a,lgdo:Bingo,
leisure,bird_hide,a,lgdo:BirdHide,
leisure,casino,a,lgdo:Casino,
leisure,club,a,lgdo:Club,
leisure,common,a,lgdo:Common,
leisure,dance,a,lgdo:Dance,
leisure,dog_park,a,lgdo:DogPark,
leisure,fishing,a,lgdo:Fishing,
leisure,fitness,a,lgdo:Fitness,
leisure,fitness,trail,rdfs:type\tlgdo:Fitness+trail,
leisure,fitness_centre,a,lgdo:FitnessCentre,
leisure,garden,a,lgdo:Garden,
leisure,golf_course,a,lgdo:GolfCourse,
leisure,gym,a,lgdo:Gym,
leisure,hackerspace,a,lgdo:Hackerspace,
leisure,hole,a,lgdo:Hole,
leisure,horse_riding,a,lgdo:HorseRiding,
leisure,hot_spring,a,lgdo:HotSpring,
leisure,ice_rink,a,lgdo:IceRink,
leisure,marina,a,lgdo:Marina,
leisure,miniature_golf,a,lgdo:MiniatureGolf,
leisure,music_venue,a,lgdo:MusicVenue,
leisure,nature_reserve,a,lgdo:NatureReserve,
leisure,park,a,lgdo:Park,
leisure,park_bench,a,lgdo:ParkBench,
leisure,pitch,a,lgdo:Pitch,
leisure,playground,a,lgdo:Playground,
leisure,point_of_interest,a,lgdo:PointOfInterest,
leisure,sailing_club,a,lgdo:SailingClub,
leisure,sauna,a,lgdo:Sauna,
leisure,skate_park,a,lgdo:SkatePark,
leisure,slipway,a,lgdo:Slipway,
leisure,social_club,a,lgdo:SocialClub,
leisure,sport,a,lgdo:Sport,
leisure,sports_centre,a,lgdo:SportsCentre,
leisure,stadium,a,lgdo:Stadium,
leisure,swimming_pool,a,lgdo:SwimmingPool,
leisure,track,a,lgdo:Track,
leisure,water_park,a,lgdo:WaterPark,
level,,boolean,,
level,,string,lgdo:level,
lit,,boolean,,
lit,,string,lgdo:lit,
loc_name,,string,lgdo:localName,
lock,,a,lgdo:LockThing,
lock,yes,a,lgdo:Lock,
man_made,,a,lgdo:ManMadeThing,
man_made,Downhill,Terminal,rdfs:type\tlgdo:Downhill+Terminal,
man_made,MDF,a,lgdo:MDF,
man_made,Uphill,Terminal,rdfs:type\tlgdo:Uphill+Terminal,
man_made,adit,a,lgdo:Adit,
man_made,antenna,a,lgdo:Antenna,
man_made,barn,a,lgdo:ManMadeBarn,
man_made,beacon,a,lgdo:Beacon,
man_made,billboard,a,lgdo:ManMadeBillboard,
man_made,borderstone,a,lgdo:Borderstone,
man_made,bridge,pier,rdfs:type\tlgdo:Bridge+pier,
man_made,building,a,lgdo:ManMadeBuilding,
man_made,buoy,a,lgdo:ManMadeBuoy,
man_made,cairn,a,lgdo:Cairn,
man_made,chimney,a,lgdo:Chimney,
man_made,communications_tower,a,lgdo:CommunicationsTower,
man_made,communications_transponder,a,lgdo:CommunicationsTransponder,
man_made,crane,a,lgdo:Crane,
man_made,cross,a,lgdo:ManMadeCross,
man_made,cutline,a,lgdo:Cutline,
man_made,environmental_hazard,a,lgdo:EnvironmentalHazard,
man_made,fire_hydrant,a,lgdo:ManMadeFireHydrant,
man_made,fixme,a,lgdo:ManMadeFixme,
man_made,flagpole,a,lgdo:Flagpole,
man_made,fountain,a,lgdo:ManMadeFountain,
man_made,gaging_station,a,lgdo:GagingStation,
man_made,gasometer,a,lgdo:Gasometer,
man_made,gate,a,lgdo:ManMadeGate,
man_made,gazometer,a,lgdo:Gazometer,
man_made,grouse_butt,a,lgdo:GrouseButt,
man_made,groyne,a,lgdo:Groyne,
man_made,hut,a,lgdo:ManMadeHut,
man_made,lamp,a,lgdo:ManMadeLamp,
man_made,lamp_post,a,lgdo:ManMadeLampPost,
man_made,landmark,a,lgdo:Landmark,
man_made,launch_pad,a,lgdo:LaunchPad,
man_made,lettering,a,lgdo:Lettering,
man_made,lighthouse,a,lgdo:Lighthouse,
man_made,lookout_tower,a,lgdo:LookoutTower,
man_made,manhole,a,lgdo:Manhole,
man_made,mast,a,lgdo:Mast,
man_made,mine,a,lgdo:ManMadeMine,
man_made,mineshaft,a,lgdo:Mineshaft,
man_made,monitoring_station,a,lgdo:MonitoringStation,
man_made,observatory,a,lgdo:ManMadeObservatory,
man_made,oil_platform,a,lgdo:OilPlatform,
man_made,oven,a,lgdo:Oven,
man_made,petroleum_well,a,lgdo:PetroleumWell,
man_made,phone_mast,a,lgdo:PhoneMast,
man_made,pier,a,lgdo:Pier,
man_made,pipeline,a,lgdo:Pipeline,
man_made,pipeline_marker,a,lgdo:PipelineMarker,
man_made,pipelinemarker,a,lgdo:Pipelinemarker,
man_made,pole,a,lgdo:ManMadePole,
man_made,pump,a,lgdo:Pump,
man_made,pumping_rig,a,lgdo:PumpingRig,
man_made,pumping_station,a,lgdo:ManMadePumpingStation,
man_made,pumpjack,a,lgdo:Pumpjack,
man_made,reservoir,a,lgdo:Reservoir,
man_made,reservoir_covered,a,lgdo:CoveredReservoir,
man_made,rig,a,lgdo:Rig,
man_made,service_area_interface,a,lgdo:ServiceAreaInterface,
man_made,serving_area_interface,a,lgdo:ServingAreaInterface,
man_made,sheepfold,a,lgdo:Sheepfold,
man_made,sign,a,lgdo:ManMadeSign,
man_made,silo,a,lgdo:Silo,
man_made,statue,a,lgdo:ManMadeStatue,
man_made,storage,a,lgdo:ManMadeStorage,
man_made,storage_tank,a,lgdo:StorageTank,
man_made,summit_cross,a,lgdo:SummitCross,
man_made,surveillance,a,lgdo:Surveillance,
man_made,survey_point,a,lgdo:SurveyPoint,
man_made,tank,a,lgdo:ManMadeTank,
man_made,telephone_exchange,a,lgdo:TelephoneExchange,
man_made,telescope,a,lgdo:Telescope,
man_made,tower,a,lgdo:Tower,
man_made,videosurveillance,a,lgdo:Videosurveillance,
man_made,village_pump,a,lgdo:VillagePump,
man_made,wastewater_plant,a,lgdo:WastewaterPlant,
man_made,water_tank,a,lgdo:WaterTank,
man_made,water_tower,a,lgdo:WaterTower,
man_made,water_well,a,lgdo:WaterWell,
man_made,water_works,a,lgdo:WaterWorks,
man_made,watermill,a,lgdo:Watermill,
man_made,well,a,lgdo:ManMadeWell,
man_made,well_water,a,lgdo:WellWater,
man_made,wildlife_hide,a,lgdo:WildlifeHide,
man_made,windmill,a,lgdo:Windmill,
man_made,windpump,a,lgdo:Windpump,
man_made,wolf_pit,a,lgdo:WolfPit,
man_made,works,a,lgdo:IndustrialProductionBuilding,
maxheight,,float,,
maxheight,,string,lgdo:maxheight,
maxlength,,int,,
maxlength,,string,lgdo:maxlength,
maxspeed,,int,,
maxspeed,,string,lgdo:maxspeed,
maxweight,,float,,
maxweight,,string,lgdo:maxweight,
maxwidth,,int,,
maxwidth,,string,lgdo:maxwidth,
military,,a,lgdo:MilitaryThing,
military,airfield,a,lgdo:MilitaryAirport,
military,barracks,a,lgdo:Barracks,
military,bunker,a,lgdo:MilitaryBunker,
military,danger_area,a,lgdo:DangerArea,
military,naval_base,a,lgdo:NavalBase,
military,range,a,lgdo:MilitaryRange,
minspeed,,int,,
minspeed,,string,lgdo:minspeed,
monument,,boolean,,
monument,,string,lgdo:monument,
mooring,,boolean,,
mooring,,string,lgdo:mooring,
motorcar,agricultural,lgdo:agricultural,lgdo:motorcar_agricultural,
motorcar,no,lgdo:motorcar,lgdo:motorcar_no,
motorcar,private,lgdo:motorcar,lgdo:motorcar_private,
motorcar,yes,lgdo:motorcar,lgdo:motorcar_yes,
motorroad,,boolean,,
motorroad,,string,lgdo:motorroad,
name,,string,rdfs:label,
name:af,,string,rdfs:label,af
name:am,,string,rdfs:label,am
name:ar,,string,rdfs:label,ar
name:ar1,,string,skos:altLabel,ar
name:ast,,string,rdfs:label,ast
name:az,,string,rdfs:label,az
name:ba,,string,rdfs:label,ba
name:be,,string,rdfs:label,be
name:bg,,string,rdfs:label,bg
name:botanical,,string,rdfs:label,botanical
name:br,,string,rdfs:label,br
name:ca,,string,rdfs:label,ca
name:carnaval,,string,rdfs:label,carnaval
name:cs,,string,rdfs:label,cs
name:cv,,string,rdfs:label,cv
name:cy,,string,rdfs:label,cy
name:da,,string,rdfs:label,da
name:de,,string,rdfs:label,de
name:dsb,,string,rdfs:label,dsb
name:el,,string,rdfs:label,el
name:en,,string,rdfs:label,en
name:en1,,string,skos:altLabel,en
name:en2,,string,skos:altLabel,en
name:en3,,string,skos:altLabel,en
name:eo,,string,rdfs:label,eo
name:es,,string,rdfs:label,es
name:et,,string,rdfs:label,et
name:eu,,string,rdfs:label,eu
name:fa,,string,rdfs:label,fa
name:fi,,string,rdfs:label,fi
name:fr,,string,rdfs:label,fr
name:fur,,string,rdfs:label,fur
name:fy,,string,rdfs:label,fy
name:ga,,string,rdfs:label,ga
name:gcf,,string,rdfs:label,gcf
name:gd,,string,rdfs:label,gd
name:gl,,string,rdfs:label,gl
name:gsw,,string,rdfs:label,gsw
name:gv,,string,rdfs:label,gv
name:he,,string,rdfs:label,he
name:he1,,string,skos:altLabel,he
name:hi,,string,rdfs:label,hi
name:hr,,string,rdfs:label,hr
name:hsb,,string,rdfs:label,hsb
name:hu,,string,rdfs:label,hu
name:hy,,string,rdfs:label,hy
name:is,,string,rdfs:label,is
name:it,,string,rdfs:label,it
name:ja,,string,rdfs:label,ja
name:ja_kana,,string,rdfs:label,ja_kana
name:ja_rm,,string,rdfs:label,ja_rm
name:ka,,string,rdfs:label,ka
name:kk,,string,rdfs:label,kk
name:kn,,string,rdfs:label,kn
name:ko,,string,rdfs:label,ko
name:ko_rm,,string,rdfs:label,ko_rm
name:ku,,string,rdfs:label,ku
name:la,,string,rdfs:label,la
name:lb,,string,rdfs:label,lb
name:lt,,string,rdfs:label,lt
name:lv,,string,rdfs:label,lv
name:mdf,,string,rdfs:label,mdf
name:mk,,string,rdfs:label,mk
name:mn,,string,rdfs:label,mn
name:myv,,string,rdfs:label,myv
name:nl,,string,rdfs:label,nl
name:no,,string,rdfs:label,no
name:oc,,string,rdfs:label,oc
name:pl,,string,rdfs:label,pl
name:pt,,string,rdfs:label,pt
name:ro,,string,rdfs:label,ro
name:ru,,string,rdfs:label,ru
name:scn,,string,rdfs:label,scn
name:sk,,string,rdfs:label,sk
name:sl,,string,rdfs:label,sl
name:sq,,string,rdfs:label,sq
name:sr,,string,rdfs:label,sr
name:sv,,string,rdfs:label,sv
name:tg,,string,rdfs:label,tg
name:th,,string,rdfs:label,th
name:tr,,string,rdfs:label,tr
name:tt,,string,rdfs:label,tt
name:uk,,string,rdfs:label,uk
name:ur,,string,rdfs:label,ur
name:vi,,string,rdfs:label,vi
name:zh,,string,rdfs:label,zh
name:zh_pinyin,,string,rdfs:label,zh_pinyin
name:zh_py,,string,rdfs:label,zh_py
nat_name,,string,lgdo:nationalName,
natural,,a,lgdo:NaturalThing,
natural,bay,a,lgdo:Bay,
natural,beach,a,lgdo:Beach,
natural,bedrock,a,lgdo:Bedrock,
natural,bench,a,lgdo:NaturalBench,
natural,cape,a,lgdo:Cape,
natural,cave,a,lgdo:Cave,
natural,cave_entrance,a,lgdo:CaveEntrance,
natural,channel,a,lgdo:Channel,
natural,cliff,a,lgdo:Cliff,
natural,coastline,a,lgdo:Coastline,
natural,col,a,lgdo:Col,
natural,crater,a,lgdo:Crater,
natural,feature,a,lgdo:Feature,
natural,fell,a,lgdo:Fell,
natural,fen,a,lgdo:Fen,
natural,fjord,a,lgdo:Fjord,
natural,geyser,a,lgdo:Geyser,
natural,glacier,a,lgdo:Glacier,
natural,grassland,a,lgdo:Grassland,
natural,headland,a,lgdo:Headland,
natural,heath,a,lgdo:Heath,
natural,hill,a,lgdo:Hill,
natural,island,a,lgdo:Island,
natural,land,a,lgdo:Land,
natural,marsh,a,lgdo:Marsh,
natural,moor,a,lgdo:Moor,
natural,mountain_pass,a,lgdo:MountainPass,
natural,mud,a,lgdo:Mud,
natural,mushroom,a,lgdo:Mushroom,
natural,peak,a,lgdo:Peak,
natural,peninsula,a,lgdo:Peninsula,
natural,plain,a,lgdo:Plain,
natural,plateau,a,lgdo:Plateau,
natural,point,a,lgdo:Point,
natural,reef,a,lgdo:Reef,
natural,ridge,a,lgdo:Ridge,
natural,river,a,lgdo:NaturalRiver,
natural,rock,a,lgdo:NaturalRock,
natural,rocks,a,lgdo:Rocks,
natural,sa,a,lgdo:Sa,
natural,sand,a,lgdo:Sand,
natural,scree,a,lgdo:Scree,
natural,scrub,a,lgdo:Scrub,
natural,sea,a,lgdo:Sea,
natural,shoal,a,lgdo:Shoal,
natural,spring,a,lgdo:Spring,
natural,stone,a,lgdo:Stone,
natural,strait,a,lgdo:Strait,
natural,tree,a,lgdo:Tree,
natural,valley,a,lgdo:NaturalValley,
natural,volcano,a,lgdo:Volcano,
natural,water,a,lgdo:Water,
natural,waterfall,a,lgdo:NaturalWaterfall,
natural,waterhole,a,lgdo:Waterhole,
natural,wetland,a,lgdo:Wetland,
natural,wood,a,lgdo:Wood,
ncn,,boolean,,
ncn,,string,lgdo:ncn,
noexit,,boolean,,
noexit,,string,lgdo:noexit,
note,,string,lgdo:note,
office,,a,lgdo:Office,
office,accountant,a,lgdo:AccountantOffice,
office,administrative,a,lgdo:AdministrativeOffice,
office,architect,a,lgdo:ArchitectOffice,
office,architect,a,lgdo:ArchitectOffice,
office,camping,a,lgdo:CampingOffice,
office,company,a,lgdo:CompanyOffice,
office,educational_institution,a,lgdo:EducationalInstitutionOffice,
office,employment_agency,a,lgdo:EmploymentAgencyOffice,
office,estate_agent,a,lgdo:EstateAgentOffice,
office,government,a,lgdo:GovernmentOffice,
office,insurance,a,lgdo:InsuranceOffice,
office,it,a,lgdo:ItOffice,
office,lawyer,a,lgdo:LawyerOffice,
office,newspaper,a,lgdo:NewspaperOffice,
office,ngo,a,lgdo:NgoOffice,
office,quango,a,lgdo:QuangoOffice,
office,research,a,lgdo:ResearchOffice,
office,telecommunication,a,lgdo:TelecommunicationOffice,
office,travel_agent,a,lgdo:TravelAgentOffice,
official_name,,string,lgdo:officialName,
old_name,,string,lgdo:historicalName,
on,,boolean,,
on,,string,lgdo:on,
oneway,,boolean,,
oneway,,string,lgdo:oneway,
oneway:bicycle,,boolean,,
oneway:bicycle,,string,lgdo:<oneway/bicycle>,
onkz,,int,,
onkz,,string,lgdo:onkz,
openGeoDB:community_identification_number,,int,,
openGeoDB:community_identification_number,,string,lgdo:<openGeoDB/communityIdentificationNumber>,
openGeoDB:is_in_loc_id,,int,,
openGeoDB:is_in_loc_id,,string,lgdo:<openGeoDB/isInLocId>,
openGeoDB:layer,,int,,
openGeoDB:layer,,string,lgdo:<openGeoDB/layer>,
openGeoDB:loc_id,,int,,
openGeoDB:loc_id,,string,lgdo:<openGeoDB/locId>,
openGeoDB:population,,int,,
openGeoDB:population,,string,lgdo:<openGeoDB/population>,
openGeoDB:telephone_area_code,,int,,
openGeoDB:telephone_area_code,,string,lgdo:<openGeoDB/telephoneAreaCode>,
opengeodb:lat,,float,,
opengeodb:lat,,string,lgdo:<opengeodb/lat>,
opengeodb:lon,,float,,
opengeodb:lon,,string,lgdo:<opengeodb/lon>,
osmarender:renderName,,boolean,,
osmarender:renderName,,string,lgdo:<osmarender/renderName>,
osmarender:renderRef,,boolean,,
osmarender:renderRef,,string,lgdo:<osmarender/renderRef>,
park_ride,,boolean,,
park_ride,,string,lgdo:parkRide,
payment:bob,,boolean,,
payment:bob,,string,lgdo:<payment/bob>,
payment:coins,,boolean,,
payment:coins,,string,lgdo:<payment/coins>,
payment:credit_cards,,boolean,,
payment:credit_cards,,string,lgdo:<payment/creditCcards>,
payment:debit_cards,,boolean,,
payment:debit_cards,,string,lgdo:<payment/debitCards>,
payment:electronic_purses,,boolean,,
payment:electronic_purses,,string,lgdo:<payment/electronicPurses>,
payment:geldkarte,,boolean,,
payment:geldkarte,,string,lgdo:<payment/geldkarte>,
payment:geltkarte,,boolean,,
payment:geltkarte,,string,lgdo:<payment/geltkarte>,
payment:notes,,boolean,,
payment:notes,,string,lgdo:<payment/notes>,
payment:telephone_cards,,boolean,,
payment:telephone_cards,,string,lgdo:<payment/telephoneCards>,
permissive,,boolean,,
permissive,,string,lgdo:permissive,
phone,,string,foaf:phone,
place,,a,lgdo:Place,
place,city,a,lgdo:City,
place,continent,a,lgdo:Continent,
place,country,a,lgdo:Country,
place,county,a,lgdo:County,
place,farm,a,lgdo:Farm,
place,hamlet,a,lgdo:Hamlet,
place,island,a,lgdo:Island,
place,islet,a,lgdo:Islet,
place,isolated_dwelling,a,lgdo:IsolatedDwelling,
place,locality,a,lgdo:Locality,
place,municipality,a,lgdo:Municipality,
place,region,a,lgdo:Region,
place,state,a,lgdo:State,
place,subdivision,a,lgdo:Subdivision,
place,suburb,a,lgdo:Suburb,
place,town,a,lgdo:Town,
place,village,a,lgdo:Village,
place_name,,string,rdfs:label,
place_numbers,,string,lgdo:placeNumbers,
population,,int,,
population,,string,lgdo:population,
post_code,,int,,
post_code,,string,lgdo:postCode,
postal_code,,int,,
postal_code,,string,lgdo:postalCode,
power,,a,lgdo:PowerThing,
power,box,a,lgdo:PowerBox,
power,cable_distribution_cabinet,a,lgdo:CableDistributionCabinet,
power,circuit_breaker,a,lgdo:CircuitBreaker,
power,construction,a,lgdo:PowerConstruction,
power,dismantled,a,lgdo:PowerDismantled,
power,generator,a,lgdo:PowerGenerator,
power,house_connection_box,a,lgdo:HouseConnectionBox,
power,line,a,lgdo:PowerLine,
power,line_connection,a,lgdo:LineConnection,
power,minor_line,a,lgdo:PowerMinorLine,
power,pole,a,lgdo:PowerPole,
power,pylon,a,lgdo:PowerPylon,
power,station,a,lgdo:PowerStation,
power,sub_station,a,lgdo:PowerSubStation,
power,switch,a,lgdo:PowerSwitch,
power,tower,a,lgdo:PowerTower,
power,transformer,a,lgdo:Transformer,
produced,,int,,
produced,,string,lgdo:produced,
public,,boolean,,
public,,string,lgdo:public,
public_transport,,a,lgdo:PublicTransportThing,
public_transport,platform,a,lgdo:Platform,
public_transport,station,a,lgdo:Station,
public_transport,stop_position,a,lgdo:StopPosition,
rail,,boolean,,
rail,,string,lgdo:rail,
railway,,a,lgdo:RailwayThing,
railway,Viva,Blue,rdfs:type\tlgdo:Viva+Blue,
railway,abandoned,a,lgdo:AbandonedRailway,
railway,abandoned_station,a,lgdo:AbandonedStation,
railway,bridge,a,lgdo:Bridge,
railway,buffer_stop,a,lgdo:BufferStop,
railway,construction,a,lgdo:RailwayConstruction,
railway,crossing,a,lgdo:RailwayCrossing,
railway,disused,a,lgdo:DisusedRailway,
railway,disused_station,a,lgdo:DisusedStation,
railway,funicular,a,lgdo:FunicularRailway,
railway,halt,a,lgdo:RailwayHalt,
railway,historic_station,a,lgdo:HistoricStation,
railway,junction,a,lgdo:RailwayJunction,
railway,level_crossing,a,lgdo:LevelCrossing,
railway,light_rail,a,lgdo:LightRail,
railway,milestone,a,lgdo:RailwayMilestone,
railway,miniature,a,lgdo:MiniatureRailway,
railway,monorail,a,lgdo:Monorail,
railway,narrow_gauge,a,lgdo:NarrowGauge,
railway,phone,a,lgdo:RailwayPhone,
railway,platform,a,lgdo:RailwayPlatform,
railway,preserved,a,lgdo:PreservedRailway,
railway,rail,a,lgdo:Rail,
railway,signal,a,lgdo:Signal,
railway,station,a,lgdo:RailwayStation,
railway,station_entrance,a,lgdo:StationEntrance,
railway,stop,a,lgdo:RailwayStop,
railway,subway,a,lgdo:Subway,
railway,subway_entrance,a,lgdo:SubwayEntrance,
railway,switch,a,lgdo:RailwaySwitch,
railway,track_halt,a,lgdo:TrackHalt,
railway,tram,a,lgdo:Tramway,
railway,tram_station,a,lgdo:TramStation,
railway,tram_stop,a,lgdo:TramStop,
railway,turntable,a,lgdo:Turntable,
railway,ventilation_shaft,a,lgdo:VentilationShaft,
railway,viaduct,a,lgdo:Viaduct,
rcn,,boolean,,
rcn,,string,lgdo:rcn,
recycling:batteries,,boolean,,
recycling:batteries,,string,lgdo:<recycling/batteries>,
recycling:cans,,boolean,,
recycling:cans,,string,lgdo:<recycling/cans>,
recycling:clothes,,boolean,,
recycling:clothes,,string,lgdo:<recycling/clothes>,
recycling:garden_waste,,boolean,,
recycling:garden_waste,,string,lgdo:<recycling/gardenWaste>,
recycling:glass,,boolean,,
recycling:glass,,string,lgdo:<recycling/glass>,
recycling:glass_bottles,,boolean,,
recycling:glass_bottles,,string,lgdo:<recycling/glassBottles>,
recycling:green_waste,,boolean,,
recycling:green_waste,,string,lgdo:<recycling/greenWaste>,
recycling:metal,,boolean,,
recycling:metal,,string,lgdo:<recycling/metal>,
recycling:paper,,boolean,,
recycling:paper,,string,lgdo:<recycling/paper>,
recycling:paper_packaging,,boolean,,
recycling:paper_packaging,,string,lgdo:<recycling/paperPackaging>,
recycling:plastic,,boolean,,
recycling:plastic,,string,lgdo:<recycling/plastic>,
recycling:scrap_metal,,boolean,,
recycling:scrap_metal,,string,lgdo:<recycling/scrapMetal>,
recycling:shoes,,boolean,,
recycling:shoes,,string,lgdo:<recycling/shoes>,
ref:fgkz,,int,,
ref:fgkz,,string,lgdo:<ref/fgkz>,
reg_name,,string,lgdo:regionalName,
route,,a,lgdo:RouteThing,
route,bicycle,a,lgdo:BicycleRoute,
route,bus,a,lgdo:BusRoute,
route,detour,a,lgdo:DetourRoute,
route,ferry,a,lgdo:FerryRoute,
route,hiking,a,lgdo:HikingRoute,
route,mtb,a,lgdo:MtbRoute,
route,piste,a,lgdo:PisteRoute,
route,railway,a,lgdo:RailwayRoute,
route,road,a,lgdo:RoadRoute,
route,ski,a,lgdo:SkiRoute,
route,train,a,lgdo:TrainRoute,
route,tram,a,lgdo:TramRoute,
ruins,,boolean,,
ruins,,string,lgdo:ruins,
seasonal,,boolean,,
seasonal,,string,lgdo:seasonal,
seats,,int,,
seats,,string,lgdo:seats,
segregated,,boolean,,
segregated,,string,lgdo:segregated,
service,alley,a,lgdo:Alley,
service,driveway,a,lgdo:DriveWay,
service,parking_aisle,a,lgdo:ParkingAisle,
shelter,,boolean,,
shelter,,string,lgdo:shelter,
shop,,a,lgdo:Shop,
shop,FIXME,a,lgdo:ShopFIXME,
shop,Kiosk,a,lgdo:Kiosk,
shop,Supermarket,a,lgdo:Supermarket,
shop,adult,a,lgdo:AdultShop,
shop,agrarian,a,lgdo:Agrarian,
shop,alcohol,a,lgdo:AlcoholShop,
shop,animal,a,lgdo:AnimalShop,
shop,animals,a,lgdo:AnimalsShop,
shop,anime,a,lgdo:AnimeShop,
shop,antique,a,lgdo:AntiqueShop,
shop,antiques,a,lgdo:AntiquesShop,
shop,antiquities,a,lgdo:AntiquitiesShop,
shop,apparel,a,lgdo:Apparel,
shop,appliance,a,lgdo:Appliance,
shop,appliances,a,lgdo:Appliances,
shop,art,a,lgdo:ArtShop,
shop,art_gallery,a,lgdo:ArtGalleryShop,
shop,art_supplies,a,lgdo:ArtSupplies,
shop,audio_video,a,lgdo:AudioVideoShop,
shop,audiologist,a,lgdo:Audiologist,
shop,auto_parts,a,lgdo:AutoPartsShop,
shop,auto_repair,a,lgdo:AutoRepair,
shop,automotive,a,lgdo:AutomotiveShop,
shop,baby,a,lgdo:BabyShop,
shop,baby_goods,a,lgdo:BabyGoodsShop,
shop,bags,a,lgdo:BagsShop,
shop,bakery,a,lgdo:Bakery,
shop,barber,a,lgdo:Barber,
shop,bathroom,a,lgdo:Bathroom,
shop,bathroom_furnishing,a,lgdo:BathroomFurnishingShop,
shop,beautician,a,lgdo:Beautician,
shop,beauty,a,lgdo:BeautyShop,
shop,beauty_salon,a,lgdo:BeautySalon,
shop,bed,a,lgdo:BedShop,
shop,betting,a,lgdo:Betting,
shop,beverages,a,lgdo:BeverageMarket,
shop,bicycle,a,lgdo:BicycleShop,
shop,bookmaker,a,lgdo:BookmakerShop,
shop,bookmakers,a,lgdo:BookmakersShop,
shop,books,a,lgdo:BookShop,
shop,books,a,lgdo:BooksShop,
shop,boutique,a,lgdo:Boutique,
shop,butcher,a,lgdo:Butcher,
shop,butchers,a,lgdo:Butchers,
shop,camera,a,lgdo:CameraShop,
shop,candy,a,lgdo:CandyShop,
shop,car,a,lgdo:CarShop,
shop,car;car_repair,a,lgdo:Car%3BcarRepair,
shop,car_dealer,a,lgdo:CarDealer,
shop,car_parts,a,lgdo:CarParts,
shop,car_repair,a,lgdo:CarRepairShop,
shop,car_wash,a,lgdo:CarWash,
shop,cards,a,lgdo:CardsShop,
shop,carpenter,a,lgdo:Carpenter,
shop,carpet,a,lgdo:Carpet,
shop,carpets,a,lgdo:Carpets,
shop,catalogue,a,lgdo:Catalogue,
shop,cell_phones,a,lgdo:CellPhones,
shop,ceramics,a,lgdo:Ceramics,
shop,chandler,a,lgdo:Chandler,
shop,charity,a,lgdo:CharityShop,
shop,cheese,a,lgdo:Cheese,
shop,chemist,a,lgdo:Chemist,
shop,chocolate,a,lgdo:Chocolate,
shop,closed,a,lgdo:Closed,
shop,clothes,a,lgdo:Clothes,
shop,clothes:,women,rdfs:type\tlgdo:Clothes%3A+women,
shop,clothes:women,a,lgdo:Clothes%3Awomen,
shop,clothing,a,lgdo:Clothing,
shop,coffee,a,lgdo:CoffeeShop,
shop,coffee_shop,a,lgdo:CoffeeShop,
shop,communication,a,lgdo:Communication,
shop,communications,a,lgdo:Communications,
shop,computer,a,lgdo:Computer,
shop,condos,a,lgdo:Condos,
shop,confectionery,a,lgdo:Confectionery,
shop,construction,a,lgdo:ConstructionShop,
shop,convenience,a,lgdo:Convenience,
shop,copyshop,a,lgdo:Copyshop,
shop,cosmetics,a,lgdo:Cosmetics,
shop,craft,a,lgdo:Craft,
shop,crafts,a,lgdo:Crafts,
shop,dairy,a,lgdo:Dairy,
shop,decoration,a,lgdo:Decoration,
shop,deli,a,lgdo:Deli,
shop,delicatessen,a,lgdo:Delicatessen,
shop,department_store,a,lgdo:DepartmentStore,
shop,dept,a,lgdo:Dept,
shop,design,a,lgdo:Design,
shop,discount,a,lgdo:Discount,
shop,dive_centre,a,lgdo:DiveCentre,
shop,diy,a,lgdo:Diy,
shop,doityourself,a,lgdo:Doityourself,
shop,dollar,a,lgdo:Dollar,
shop,driving_school,a,lgdo:DrivingSchoolShop,
shop,drugstore,a,lgdo:Drugstore,
shop,dry_cleaning,a,lgdo:DryCleaning,
shop,electrician,a,lgdo:Electrician,
shop,electronics,a,lgdo:Electronics,
shop,empty,a,lgdo:Empty,
shop,estanco,a,lgdo:Estanco,
shop,estate_agent,a,lgdo:EstateAgent,
shop,fabric,a,lgdo:Fabric,
shop,fabrics,a,lgdo:Fabrics,
shop,fairtrade,a,lgdo:Fairtrade,
shop,farm,a,lgdo:FarmShop,
shop,farm_shop,a,lgdo:FarmShop,
shop,fashion,a,lgdo:Fashion,
shop,financial,a,lgdo:Financial,
shop,fish,a,lgdo:Fish,
shop,fishing,a,lgdo:FishingShop,
shop,fishmonger,a,lgdo:Fishmonger,
shop,fitness,a,lgdo:FitnessShop,
shop,fixme,a,lgdo:ShopFixme,
shop,flooring,a,lgdo:Flooring,
shop,florist,a,lgdo:FloristShop,
shop,flowers,a,lgdo:Flowers,
shop,folk_art,a,lgdo:FolkArt,
shop,food,a,lgdo:Food,
shop,foto,a,lgdo:Foto,
shop,frozen_food,a,lgdo:FrozenFoodShop,
shop,fruit,a,lgdo:Fruit,
shop,funeral_directors,a,lgdo:FuneralDirectors,
shop,furniture,a,lgdo:Furniture,
shop,gallery,a,lgdo:GalleryShop,
shop,gambling,a,lgdo:GamblingShop,
shop,games,a,lgdo:Games,
shop,garage,a,lgdo:GarageShop,
shop,garden,a,lgdo:GardenShop,
shop,garden_center,a,lgdo:GardenCenter,
shop,garden_centre,a,lgdo:GardenCentre,
shop,general,a,lgdo:General,
shop,gift,a,lgdo:Gift,
shop,gifts,a,lgdo:Gifts,
shop,glass,a,lgdo:Glass,
shop,glaziery,a,lgdo:Glaziery,
shop,goldsmith,a,lgdo:Goldsmith,
shop,greengrocer,a,lgdo:Greengrocer,
shop,groceries,a,lgdo:Groceries,
shop,grocery,a,lgdo:Grocery,
shop,gym,a,lgdo:GymShop,
shop,haberdashery,a,lgdo:Haberdashery,
shop,hairdresser,a,lgdo:HairdresserShop,
shop,hardware,a,lgdo:Hardware,
shop,health,a,lgdo:Health,
shop,health_and_beauty,a,lgdo:HealthAndBeauty,
shop,health_food,a,lgdo:HealthFood,
shop,hearing_aid,a,lgdo:HearingAid,
shop,hearing_aids,a,lgdo:HearingAids,
shop,hifi,a,lgdo:Hifi,
shop,hobby,a,lgdo:Hobby,
shop,home,a,lgdo:Home,
shop,home_improvement,a,lgdo:HomeImprovement,
shop,household,a,lgdo:Household,
shop,housewares,a,lgdo:Housewares,
shop,ice_cream,a,lgdo:IceCreamShop,
shop,insurance,a,lgdo:Insurance,
shop,interiors,a,lgdo:Interiors,
shop,internet_cafe,a,lgdo:InternetCafe,
shop,jewelers,a,lgdo:Jewelers,
shop,jewelry,a,lgdo:Jewelry,
shop,keys,a,lgdo:Keys,
shop,kiosk,a,lgdo:Kiosk,
shop,kitchen,a,lgdo:KitchenShop,
shop,laundry,a,lgdo:Laundry,
shop,leather,a,lgdo:Leather,
shop,legal_services,a,lgdo:LegalServices,
shop,lighting,a,lgdo:Lighting,
shop,lingerie,a,lgdo:Lingerie,
shop,locksmith,a,lgdo:Locksmith,
shop,mall,a,lgdo:Mall,
shop,market,a,lgdo:Market,
shop,massage,a,lgdo:MassageShop,
shop,mattress,a,lgdo:Mattress,
shop,meat,a,lgdo:Meat,
shop,minimarket,a,lgdo:Minimarket,
shop,misc,a,lgdo:Misc,
shop,mobile,a,lgdo:Mobile,
shop,mobile_phone,a,lgdo:MobilePhone,
shop,mobile_telephony,a,lgdo:MobileTelephony,
shop,motorbike,a,lgdo:Motorbike,
shop,motorcycle,a,lgdo:Motorcycle,
shop,motorcycle_repair,a,lgdo:MotorcycleRepair,
shop,music,a,lgdo:Music,
shop,musical_instruments,a,lgdo:MusicalInstruments,
shop,nail_salon,a,lgdo:NailSalon,
shop,nails,a,lgdo:Nails,
shop,newsagent,a,lgdo:Newsagent,
shop,newsstand,a,lgdo:Newsstand,
shop,no,a,lgdo:NotAShop,
shop,office,a,lgdo:OfficeShop,
shop,office_supplies,a,lgdo:OfficeSupplies,
shop,optician,a,lgdo:OpticianShop,
shop,organic,a,lgdo:Organic,
shop,other,a,lgdo:OtherShop,
shop,outdoor,a,lgdo:Outdoor,
shop,outlet,a,lgdo:Outlet,
shop,paint,a,lgdo:Paint,
shop,painter,a,lgdo:Painter,
shop,pastry,a,lgdo:Pastry,
shop,patisserie,a,lgdo:Patisserie,
shop,pawnshop,a,lgdo:Pawnshop,
shop,payday_loans,a,lgdo:PaydayLoans,
shop,perfume,a,lgdo:Perfume,
shop,perfumery,a,lgdo:Perfumery,
shop,pet,a,lgdo:Pet,
shop,pet_food,a,lgdo:PetFood,
shop,pet_shop,a,lgdo:PetShop,
shop,pet_supplies,a,lgdo:PetSupplies,
shop,pet_supply,a,lgdo:PetSupply,
shop,pets,a,lgdo:Pets,
shop,pharmacy,a,lgdo:Pharmacy,
shop,phone,a,lgdo:PhoneShop,
shop,photo,a,lgdo:Photo,
shop,photocopying,a,lgdo:Photocopying,
shop,plumber,a,lgdo:Plumber,
shop,pottery,a,lgdo:Pottery,
shop,printer,a,lgdo:Printer,
shop,printing,a,lgdo:Printing,
shop,real_estate,a,lgdo:RealEstate,
shop,records,a,lgdo:Records,
shop,salon,a,lgdo:Salon,
shop,scuba_diving,a,lgdo:ScubaDivingShop,
shop,second_hand,a,lgdo:SecondHand,
shop,shipping,a,lgdo:Shipping,
shop,shoe_repair,a,lgdo:ShoeRepair,
shop,shoemaker,a,lgdo:Shoemaker,
shop,shoes,a,lgdo:Shoes,
shop,shop,a,lgdo:Shop,
shop,shopping_center,a,lgdo:ShoppingCenter,
shop,shopping_centre,a,lgdo:ShoppingCentre,
shop,snacks,a,lgdo:Snacks,
shop,solarium,a,lgdo:Solarium,
shop,souvenir,a,lgdo:Souvenir,
shop,souvenirs,a,lgdo:Souvenirs,
shop,sport,a,lgdo:SportShop,
shop,sports,a,lgdo:Sports,
shop,stationary,a,lgdo:Stationary,
shop,stationery,a,lgdo:Stationery,
shop,supermarket,a,lgdo:Supermarket,
shop,sweets,a,lgdo:Sweets,
shop,tailor,a,lgdo:Tailor,
shop,take_away,a,lgdo:TakeAway,
shop,tanning,a,lgdo:Tanning,
shop,tattoo,a,lgdo:Tattoo,
shop,tax,a,lgdo:Tax,
shop,tea,a,lgdo:Tea,
shop,technology,a,lgdo:Technology,
shop,telecom,a,lgdo:Telecom,
shop,telecommunication,a,lgdo:Telecommunication,
shop,telephone,a,lgdo:TelephoneShop,
shop,textiles,a,lgdo:Textiles,
shop,thrift,a,lgdo:Thrift,
shop,ticket,a,lgdo:Ticket,
shop,tickets,a,lgdo:Tickets,
shop,tobacco,a,lgdo:Tobacco,
shop,tobacconist,a,lgdo:Tobacconist,
shop,tourist,a,lgdo:TouristShop,
shop,toys,a,lgdo:Toys,
shop,travel,agency,rdfs:type\tlgdo:TravelAgency,
shop,travel_agency,a,lgdo:TravelAgency,
shop,trumpet,a,lgdo:Trumpet,
shop,tyres,a,lgdo:Tyres,
shop,undefined,a,lgdo:UndefinedShop,
shop,unknown,a,lgdo:UnknownShop,
shop,vacant,a,lgdo:Vacant,
shop,variety,a,lgdo:Variety,
shop,video,a,lgdo:Video,
shop,video_games,a,lgdo:VideoGames,
shop,video_rental,a,lgdo:VideoRental,
shop,watches,a,lgdo:Watches,
shop,water_refilling,a,lgdo:WaterRefilling,
shop,whatever,a,lgdo:Whatever,
shop,wholesale,a,lgdo:Wholesale,
shop,windows,a,lgdo:Windows,
shop,wine,a,lgdo:Wine,
shop,winery,a,lgdo:WineryShop,
shop,wood,a,lgdo:WoodShop,
shop,yes,a,lgdo:Shop,
shop,zoo,a,lgdo:ZooShop,
ski,,boolean,,
ski,,string,lgdo:ski,
sms,,boolean,,
sms,,string,lgdo:sms,
snowmobile,,boolean,,
snowmobile,,string,lgdo:snowmobile,
sport,,a,lgdo:SportThing,
sport,10pin,lgdo:featuresSport,lgdo:TenPinBowling,
sport,9pin,lgdo:featuresSport,lgdo:NinePinBowling,
sport,BASE,lgdo:featuresSport,lgdo:BASE,
sport,american_football,lgdo:featuresSport,lgdo:AmericanFootball,
sport,archery,lgdo:featuresSport,lgdo:Archery,
sport,athletics,lgdo:featuresSport,lgdo:Athletics,
sport,australian_football,lgdo:featuresSport,lgdo:AustralianFootball,
sport,badminton,lgdo:featuresSport,lgdo:Badminton,
sport,baseball,lgdo:featuresSport,lgdo:Baseball,
sport,basketball,lgdo:featuresSport,lgdo:Basketball,
sport,beachvolleyball,lgdo:featuresSport,lgdo:Beachvolleyball,
sport,billard,lgdo:featuresSport,lgdo:Billard,
sport,billiard,lgdo:featuresSport,lgdo:Billiard,
sport,bmx,lgdo:featuresSport,lgdo:Bmx,
sport,boules,lgdo:featuresSport,lgdo:Boules,
sport,bowling,lgdo:featuresSport,lgdo:Bowling,
sport,bowls,lgdo:featuresSport,lgdo:Bowls,
sport,boxing,lgdo:featuresSport,lgdo:Boxing,
sport,cannadian_football,lgdo:featuresSport,lgdo:CannadianFootball,
sport,canoe,lgdo:featuresSport,lgdo:Canoe,
sport,chess,lgdo:featuresSport,lgdo:Chess,
sport,climbing,lgdo:featuresSport,lgdo:Climbing,
sport,cricket,lgdo:featuresSport,lgdo:Cricket,
sport,cricket_nets,lgdo:featuresSport,lgdo:CricketNets,
sport,croquet,lgdo:featuresSport,lgdo:Croquet,
sport,curling,lgdo:featuresSport,lgdo:Curling,
sport,cycling,lgdo:featuresSport,lgdo:Cycling,
sport,dancing,lgdo:featuresSport,lgdo:Dancing,
sport,diving,lgdo:featuresSport,lgdo:Diving,
sport,dog,lgdo:featuresSport,lgdo:Dog,
sport,dog_racing,lgdo:featuresSport,lgdo:DogRacing,
sport,dog_training,lgdo:featuresSport,lgdo:DogTraining,
sport,equestrian,lgdo:featuresSport,lgdo:Equestrian,
sport,equestrian,lgdo:featuresSport,lgdo:Equestrian,
sport,fencing,lgdo:featuresSport,lgdo:Fencing,
sport,fitness,lgdo:featuresSport,lgdo:SportFitness,
sport,football,lgdo:featuresSport,lgdo:Football,
sport,free_flying,lgdo:featuresSport,lgdo:FreeFlying,
sport,gaa,lgdo:featuresSport,lgdo:Gaa,
sport,gaelic_football;hurling,lgdo:featuresSport,lgdo:GaelicFootball%3Bhurling,
sport,gaelic_games,lgdo:featuresSport,lgdo:GaelicGames,
sport,golf,lgdo:featuresSport,lgdo:Golf,
sport,golf,lgdo:featuresSport,lgdo:Golf,
sport,gym,lgdo:featuresSport,lgdo:SportGym,
sport,gymnastics,lgdo:featuresSport,lgdo:Gymnastics,
sport,handball,lgdo:featuresSport,lgdo:Handball,
sport,hockey,lgdo:featuresSport,lgdo:Hockey,
sport,horse_racing,lgdo:featuresSport,lgdo:HorseRacing,
sport,horseshoes,lgdo:featuresSport,lgdo:HorseShoes,
sport,ice_stock,lgdo:featuresSport,lgdo:IceStock,
sport,judo,lgdo:featuresSport,lgdo:Judo,
sport,karting,lgdo:featuresSport,lgdo:Karting,
sport,korfball,lgdo:featuresSport,lgdo:Korfball,
sport,model_aerodrome,lgdo:featuresSport,lgdo:ModelAerodrome,
sport,motor,lgdo:featuresSport,lgdo:MotorSport,
sport,multi,lgdo:featuresSport,lgdo:Multi,
sport,multi,lgdo:featuresSport,lgdo:MultiSports,
sport,netball,lgdo:featuresSport,lgdo:Netball,
sport,orienteering,lgdo:featuresSport,lgdo:Orienteering,
sport,paddle_tennis,lgdo:featuresSport,lgdo:PaddleTennis,
sport,paintball,lgdo:featuresSport,lgdo:Paintball,
sport,paragliding,lgdo:featuresSport,lgdo:Paragliding,
sport,pelota,lgdo:featuresSport,lgdo:Pelota,
sport,racquet,lgdo:featuresSport,lgdo:Racquet,
sport,rowing,lgdo:featuresSport,lgdo:Rowing,
sport,rugby_league,lgdo:featuresSport,lgdo:RugbyLeague,
sport,rugby_union,lgdo:featuresSport,lgdo:RugbyUnion,
sport,sailing,lgdo:featuresSport,lgdo:Sailing,
sport,scuba_diving,lgdo:featuresSport,lgdo:SportScubaDiving,
sport,shooting,lgdo:featuresSport,lgdo:Shooting,
sport,skateboard,lgdo:featuresSport,lgdo:Skateboarding,
sport,skating,lgdo:featuresSport,lgdo:IceSkating,
sport,skiing,lgdo:featuresSport,lgdo:Skiing,
sport,snooker,lgdo:featuresSport,lgdo:Snooker,
sport,soccer,lgdo:featuresSport,lgdo:Soccer,
sport,softball,lgdo:featuresSport,lgdo:Softball,
sport,squash,lgdo:featuresSport,lgdo:Squash,
sport,surfing,lgdo:featuresSport,lgdo:Surfing,
sport,swimming,lgdo:featuresSport,lgdo:Swimming,
sport,table_tennis,lgdo:featuresSport,lgdo:TableTennis,
sport,team_handball,lgdo:featuresSport,lgdo:TeamHandball,
sport,tennis,lgdo:featuresSport,lgdo:Tennis,
sport,toboggan,lgdo:featuresSport,lgdo:Toboggan,
sport,via_ferrata,lgdo:featuresSport,lgdo:ViaFerrata,
sport,volley,ball,lgdo:featuresSport\tlgdo:Volley+ball,
sport,volleyball,lgdo:featuresSport,lgdo:Volleyball,
sport,water_ski,lgdo:featuresSport,lgdo:WaterSki,
sport,water_sports,lgdo:featuresSport,lgdo:WaterSports,
sport,windsurfing,lgdo:featuresSport,lgdo:Windsurfing,
stars,,int,,
stars,,string,lgdo:stars,
step_count,,int,,
step_count,,string,lgdo:stepCount,
tactile_paving,,boolean,,
tactile_paving,,string,lgdo:tactilePaving,
taxi,,boolean,,
taxi,,string,lgdo:taxi,
toilet,,boolean,,
toilet,,string,lgdo:toilet,
tourism,,a,lgdo:TourismThing,
tourism,alpine_hut,a,lgdo:AlpineHut,
tourism,artwork,a,lgdo:Artwork,
tourism,attraction,a,lgdo:Attraction,
tourism,bed_and_breakfast,a,lgdo:BedAndBreakfast,
tourism,camp_site,a,lgdo:CampSite,
tourism,caravan_site,a,lgdo:CaravanSite,
tourism,chalet,a,lgdo:Chalet,
tourism,guest_house,a,lgdo:GuestHouse,
tourism,hanami,a,lgdo:Hanami,
tourism,hostel,a,lgdo:Hostel,
tourism,hotel,a,lgdo:Hotel,
tourism,information,a,lgdo:TourismInformation,
tourism,motel,a,lgdo:Motel,
tourism,museum,a,lgdo:Museum,
tourism,picnic_site,a,lgdo:PicnicSite,
tourism,theme_park,a,lgdo:ThemePark,
tourism,viewpoint,a,lgdo:Viewpoint,
tourism,yes,a,lgdo:PointOfInterest,
tourism,zoo,a,lgdo:Zoo,
tracks,,int,,
tracks,,string,lgdo:tracks,
tracktype,grade1,a,lgdo:TrackType1,
tracktype,grade2,a,lgdo:TrackType2,
tracktype,grade3,a,lgdo:TrackType3,
tracktype,grade4,a,lgdo:TrackType4,
tracktype,grade5,a,lgdo:TrackType5,
traffic_calming,bump,a,lgdo:Bump,
traffic_calming,chicane,a,lgdo:Chicane,
traffic_calming,choker,a,lgdo:Choker,
traffic_calming,cushion,a,lgdo:Cushion,
traffic_calming,hump,a,lgdo:Hump,
traffic_calming,rumble_strip,a,lgdo:RumbleStrip,
traffic_calming,table,a,lgdo:TableBump,
traffic_calming,yes,a,lgdo:TrafficCalming,
traffic_signals:sound,,boolean,,
traffic_signals:sound,,string,lgdo:<traffic_signals/sound>,
tram,,boolean,,
tram,,string,lgdo:tram,
tunnel,,boolean,,
tunnel,,string,lgdo:tunnel,
tunnel,culvert,a,lgdo:TunnelCulvert,
type,multipolygon,a,lgdo:MultiPolygon,
type,route,a,lgdo:Route,
uic_ref,,int,,
uic_ref,,string,lgdo:uic_ref,
undefined,,int,,
undefined,,string,lgdo:undefined,
unisex,,boolean,,
unisex,,string,lgdo:unisex,
verified,,boolean,,
verified,,string,lgdo:verified,
via,,boolean,,
via,,string,lgdo:via,
video,,boolean,,
video,,string,lgdo:video,
waterway,,a,lgdo:WaterwayThing,
waterway,aqueduct,a,lgdo:Aqueduct,
waterway,biwak,a,lgdo:Biwak,
waterway,boatyard,a,lgdo:Boatyard,
waterway,canal,a,lgdo:Canal,
waterway,dam,a,lgdo:Dam,
waterway,depth,a,lgdo:Depth,
waterway,ditch,a,lgdo:Ditch,
waterway,dock,a,lgdo:Dock,
waterway,drain,a,lgdo:Drain,
waterway,drawbridge,a,lgdo:WaterwayDrawbridge,
waterway,ford,a,lgdo:WaterwayFord,
waterway,fuel,a,lgdo:WaterwayFuel,
waterway,harbour,a,lgdo:Harbour,
waterway,lock,a,lgdo:WaterwayLock,
waterway,lock_gate,a,lgdo:LockGate,
waterway,milestone,a,lgdo:WaterwayMilestone,
waterway,mineral_spring,a,lgdo:MineralSpring,
waterway,mooring,a,lgdo:Mooring,
waterway,pumping_station,a,lgdo:WaterwayPumpingStation,
waterway,rapids,a,lgdo:Rapids,
waterway,river,a,lgdo:River,
waterway,riverbank,a,lgdo:Riverbank,
waterway,rock,a,lgdo:WaterwayRock,
waterway,sluice,a,lgdo:Sluice,
waterway,spring,a,lgdo:WaterwaySpring,
waterway,stream,a,lgdo:Stream,
waterway,turning_point,a,lgdo:TurningPoint,
waterway,water_point,a,lgdo:WaterPoint,
waterway,waterfall,a,lgdo:Waterfall,
waterway,weir,a,lgdo:Weir,
waterway,wreck,a,lgdo:WaterwayWreck,
waterway:lock:height,,int,,
waterway:lock:height,,string,lgdo:<waterway/lock/height>,
website,,string,foaf:homepage,
wheelchair,,boolean,,
wheelchair,,string,lgdo:wheelchair,
wheelchair,limited,lgdo:wheelchair,lgdo:wheelchair_limited,
wheelchair,no,lgdo:wheelchair,lgdo:wheelchair_no,
wheelchair,unknown,lgdo:wheelchair,lgdo:wheelchair_unknown,
wheelchair,yes,lgdo:wheelchair,lgdo:wheelchair_yes,
winter_road,yes,a,lgdo:WinterRoad,
